field,title,url
post,bien-dang-cot-song-vi-nguc-phi-dai-hon-30-nam,https://tamanhhospital.vn/bien-dang-cot-song-vi-nguc-phi-dai-hon-30-nam/
post,benh-vay-ca,https://tamanhhospital.vn/benh-vay-ca/
post,phuong-phap-chua-benh-tri,https://tamanhhospital.vn/phuong-phap-chua-benh-tri/
post,te,https://tamanhhospital.vn/te/
post,te-bi-chan-tay,https://tamanhhospital.vn/te-bi-chan-tay/
post,te-chan,https://tamanhhospital.vn/te-chan/
post,hay-bi-te-chan,https://tamanhhospital.vn/hay-bi-te-chan/
post,benh-bach-hau-nguy-hiem-nhu-the-nao,https://tamanhhospital.vn/benh-bach-hau-nguy-hiem-nhu-the-nao/
post,tay-chan-mieng-co-lay-khong,https://tamanhhospital.vn/tay-chan-mieng-co-lay-khong/
post,benh-tay-chan-mieng-cap-do-1,https://tamanhhospital.vn/benh-tay-chan-mieng-cap-do-1/
post,cham-soc-tre-bi-tay-chan-mieng-tai-nha,https://tamanhhospital.vn/cham-soc-tre-bi-tay-chan-mieng-tai-nha/
post,tay-chan-mieng-o-tre,https://tamanhhospital.vn/tay-chan-mieng-o-tre/
post,dieu-tri-tay-chan-mieng,https://tamanhhospital.vn/dieu-tri-tay-chan-mieng/
post,benh-tay-chan-mieng,https://tamanhhospital.vn/benh-tay-chan-mieng/
post,nhip-tim-bao-nhieu-la-nguy-hiem,https://tamanhhospital.vn/nhip-tim-bao-nhieu-la-nguy-hiem/
post,block-nhanh-tim,https://tamanhhospital.vn/block-nhanh-tim/
post,block-nhanh-trai,https://tamanhhospital.vn/block-nhanh-trai/
post,block-phan-nhanh,https://tamanhhospital.vn/block-phan-nhanh/
post,di-kham-quai-bi-be-gai-phat-hien-bi-liet-mat,https://tamanhhospital.vn/di-kham-quai-bi-be-gai-phat-hien-bi-liet-mat/
post,hep-mach-vanh-40,https://tamanhhospital.vn/hep-mach-vanh-40/
post,hep-mach-vanh-50,https://tamanhhospital.vn/hep-mach-vanh-50/
post,tam-soat-va-dieu-tri-ung-thu-he-tieu-hoa-bang-cong-nghe-hien-dai,https://tamanhhospital.vn/tam-soat-va-dieu-tri-ung-thu-he-tieu-hoa-bang-cong-nghe-hien-dai/
post,nguoi-benh-70-tuoi-vuot-gan-1-500km-de-thoat-chay-than,https://tamanhhospital.vn/nguoi-benh-70-tuoi-vuot-gan-1-500km-de-thoat-chay-than/
post,benh-gout-kieng-gi-an-gi,https://tamanhhospital.vn/benh-gout-kieng-gi-an-gi/
post,tac-ruot-do-nhiem-giun-cho-meo,https://tamanhhospital.vn/tac-ruot-do-nhiem-giun-cho-meo/
post,ty-le-bach-cau-mono,https://tamanhhospital.vn/ty-le-bach-cau-mono/
post,chup-ct-dau,https://tamanhhospital.vn/chup-ct-dau/
post,xet-nghiem-tam-soat-ung-thu-xuong,https://tamanhhospital.vn/xet-nghiem-tam-soat-ung-thu-xuong/
post,chup-x-quang-co-phat-hien-ung-thu-xuong-khong,https://tamanhhospital.vn/chup-x-quang-co-phat-hien-ung-thu-xuong-khong/
post,soi-tuy,https://tamanhhospital.vn/soi-tuy/
post,ky-thuat-moi-phau-thuat-frey-dieu-tri-soi-tuy-viem-tuy-man-tinh-tai-bvdk-tam-anh-ha-noi,https://tamanhhospital.vn/ky-thuat-moi-phau-thuat-frey-dieu-tri-soi-tuy-viem-tuy-man-tinh-tai-bvdk-tam-anh-ha-noi/
post,liet-mat-sau-nhiem-cum,https://tamanhhospital.vn/liet-mat-sau-nhiem-cum/
post,suyt-tram-cam-vi-vo-sinh-o-tuoi-doi-muoi,https://tamanhhospital.vn/suyt-tram-cam-vi-vo-sinh-o-tuoi-doi-muoi/
post,ap-xe-nang-lac-noi-mac-tu-cung-o-2-buong-trung,https://tamanhhospital.vn/ap-xe-nang-lac-noi-mac-tu-cung-o-2-buong-trung/
post,vap-nga-nhe-cu-ba-khong-ngo-phai-thay-khop,https://tamanhhospital.vn/vap-nga-nhe-cu-ba-khong-ngo-phai-thay-khop/
post,beo-phi-o-tre-em,https://tamanhhospital.vn/beo-phi-o-tre-em/
post,fast-dot-quy,https://tamanhhospital.vn/fast-dot-quy/
post,be-fast,https://tamanhhospital.vn/be-fast/
post,kham-beo-phi-cho-tre-tai-tphcm,https://tamanhhospital.vn/kham-beo-phi-cho-tre-tai-tphcm/
post,day-bung-buon-non,https://tamanhhospital.vn/day-bung-buon-non/
post,giam-can-de-bao-ve-day-chang-dau-goi,https://tamanhhospital.vn/giam-can-de-bao-ve-day-chang-dau-goi/
post,cac-vi-tri-dau-dau-nguy-hiem,https://tamanhhospital.vn/cac-vi-tri-dau-dau-nguy-hiem/
post,phau-thuat-noi-soi-long-nguc-co-video-ho-tro,https://tamanhhospital.vn/phau-thuat-noi-soi-long-nguc-co-video-ho-tro/
post,ho-van-2-la,https://tamanhhospital.vn/ho-van-2-la/
post,dieu-tri-huyet-khoi-tinh-mach,https://tamanhhospital.vn/dieu-tri-huyet-khoi-tinh-mach/
post,dieu-tri-khang-dong-trong-rung-nhi,https://tamanhhospital.vn/dieu-tri-khang-dong-trong-rung-nhi/
post,dau-dau-vung-tran,https://tamanhhospital.vn/dau-dau-vung-tran/
post,nguoi-dat-stent-mach-vanh-song-duoc-bao-lau,https://tamanhhospital.vn/nguoi-dat-stent-mach-vanh-song-duoc-bao-lau/
post,cham-soc-benh-nhan-sau-dat-stent-mach-vanh,https://tamanhhospital.vn/cham-soc-benh-nhan-sau-dat-stent-mach-vanh/
post,nhoi-mau-co-tim-cap,https://tamanhhospital.vn/nhoi-mau-co-tim-cap/
post,dieu-tri-con-thieu-mau-nao-thoang-qua,https://tamanhhospital.vn/dieu-tri-con-thieu-mau-nao-thoang-qua/
post,phan-loai-nhoi-mau-co-tim,https://tamanhhospital.vn/phan-loai-nhoi-mau-co-tim/
post,huyet-khoi-trong-tim,https://tamanhhospital.vn/huyet-khoi-trong-tim/
post,bien-chung-sau-can-thiep-mach-vanh,https://tamanhhospital.vn/bien-chung-sau-can-thiep-mach-vanh/
post,nhoi-mau-co-tim,https://tamanhhospital.vn/nhoi-mau-co-tim/
post,benh-mach-vanh,https://tamanhhospital.vn/benh-mach-vanh/
post,xo-vua-dong-mach,https://tamanhhospital.vn/xo-vua-dong-mach/
post,can-thiep-dong-mach-vanh,https://tamanhhospital.vn/can-thiep-dong-mach-vanh/
post,thieu-mau-co-tim-tham-lang,https://tamanhhospital.vn/thieu-mau-co-tim-tham-lang/
post,dat-stent-nhoi-mau-co-tim,https://tamanhhospital.vn/dat-stent-nhoi-mau-co-tim/
post,xo-vua-dong-mach-canh,https://tamanhhospital.vn/xo-vua-dong-mach-canh/
post,nhoi-mau-co-tim-song-duoc-bao-lau,https://tamanhhospital.vn/nhoi-mau-co-tim-song-duoc-bao-lau/
post,dieu-tri-beo-phi,https://tamanhhospital.vn/dieu-tri-beo-phi/
post,beo-phi,https://tamanhhospital.vn/beo-phi/
post,roi-loan-chuyen-hoa-gay-beo-phi,https://tamanhhospital.vn/roi-loan-chuyen-hoa-gay-beo-phi/
post,ngu-day-bi-dau-dau,https://tamanhhospital.vn/ngu-day-bi-dau-dau/
post,dau-dau-kho-tho,https://tamanhhospital.vn/dau-dau-kho-tho/
post,dau-dau-buoi-sang-som,https://tamanhhospital.vn/dau-dau-buoi-sang-som/
post,dau-dau-do-thay-doi-thoi-tiet,https://tamanhhospital.vn/dau-dau-do-thay-doi-thoi-tiet/
post,cam-diec-bam-sinh,https://tamanhhospital.vn/cam-diec-bam-sinh/
post,cam-bam-sinh-co-bi-diec-khong,https://tamanhhospital.vn/cam-bam-sinh-co-bi-diec-khong/
post,cam-bam-sinh,https://tamanhhospital.vn/cam-bam-sinh/
post,cam-diec,https://tamanhhospital.vn/cam-diec/
post,cam,https://tamanhhospital.vn/cam/
post,dau-dau,https://tamanhhospital.vn/dau-dau/
post,dieu-tri-viem-khop-cung-chau,https://tamanhhospital.vn/dieu-tri-viem-khop-cung-chau/
post,cac-loai-dau-dau,https://tamanhhospital.vn/cac-loai-dau-dau/
post,dau-dau-khi-hanh-kinh,https://tamanhhospital.vn/dau-dau-khi-hanh-kinh/
post,viem-khop-cung-chau-co-chua-khoi-duoc-khong,https://tamanhhospital.vn/viem-khop-cung-chau-co-chua-khoi-duoc-khong/
post,live-dieu-tri-tri-moi-cap-do-ky-thuat-moi,https://tamanhhospital.vn/live-dieu-tri-tri-moi-cap-do-ky-thuat-moi/
post,xet-nghiem-gi-de-biet-thieu-mau,https://tamanhhospital.vn/xet-nghiem-gi-de-biet-thieu-mau/
post,chi-so-thieu-mau,https://tamanhhospital.vn/chi-so-thieu-mau/
post,beo-phi-co-di-truyen-khong,https://tamanhhospital.vn/beo-phi-co-di-truyen-khong/
post,hoi-chung-non-oi-chu-ky,https://tamanhhospital.vn/hoi-chung-non-oi-chu-ky/
post,hoi-thao-can-thiep-dong-mach-vanh-phuc-tap,https://tamanhhospital.vn/hoi-thao-can-thiep-dong-mach-vanh-phuc-tap/
post,no-luc-co-con-sau-gan-20-nam-that-ong-dan-tinh,https://tamanhhospital.vn/no-luc-co-con-sau-gan-20-nam-that-ong-dan-tinh/
post,benh-rang-mieng,https://tamanhhospital.vn/benh-rang-mieng/
post,dau-rang-ham,https://tamanhhospital.vn/dau-rang-ham/
post,dau-quai-ham,https://tamanhhospital.vn/dau-quai-ham/
post,bi-nam-mong-phai-deo-gang-tay-cham-me-suot-15-nam,https://tamanhhospital.vn/bi-nam-mong-phai-deo-gang-tay-cham-me-suot-15-nam/
post,xuat-huyet-giam-tieu-cau-mien-dich,https://tamanhhospital.vn/xuat-huyet-giam-tieu-cau-mien-dich/
post,xuat-huyet-giam-tieu-cau,https://tamanhhospital.vn/xuat-huyet-giam-tieu-cau/
post,viem-khop-cung-chau,https://tamanhhospital.vn/viem-khop-cung-chau/
post,viem-khop-goi,https://tamanhhospital.vn/viem-khop-goi/
post,viem-khop-goi-co-nguy-hiem-khong,https://tamanhhospital.vn/viem-khop-goi-co-nguy-hiem-khong/
post,phan-biet-cuong-nhi-va-rung-nhi,https://tamanhhospital.vn/phan-biet-cuong-nhi-va-rung-nhi/
post,phong-ngua-rung-nhi,https://tamanhhospital.vn/phong-ngua-rung-nhi/
post,rung-nhi-nen-an-gi-kieng-gi,https://tamanhhospital.vn/rung-nhi-nen-an-gi-kieng-gi/
post,dieu-tri-rung-nhi,https://tamanhhospital.vn/dieu-tri-rung-nhi/
post,rung-nhi,https://tamanhhospital.vn/rung-nhi/
post,rung-nhi,https://tamanhhospital.vn/rung-nhi/
